customer_rating,was_sold,was_returned,R-G,Y-B,diameter,weight,number_of_blemishes,zipcode,sale_date,number_of_competitor_stands
1,False,True,-0.21509031524400202,0.9010369333790391,6.26341488016112,13.095223082911076,3,94303,1622530800.0,9
2,True,False,0.3269799659157595,0.7338666797835449,7.592968858577155,19.699349486490803,1,94305,1622530800.0,5
5,False,True,0.866963908871458,0.8828688299873657,8.986989449992352,18.626039083010255,1,94303,1622530800.0,2
3,True,True,0.25376490656125666,0.7214026516656892,10.17268167287481,6.404274556738585,4,94301,1622530800.0,6
3,False,False,0.4453662379538031,0.934701473107161,5.131515976806677,3.739581046097726,1,94304,1622530800.0,3
5,False,True,0.8652872941731522,0.9906779619003867,8.411802882483492,15.44412064885347,2,94306,1622530800.0,3
4,True,False,0.8055418930156764,-0.3796342504315263,7.566048610439805,1.3201691115447716,0,94302,1622530800.0,2
2,False,False,0.16571751148301941,0.5529054508392445,6.639705218478229,19.662344596579317,3,94306,1622530800.0,5
3,True,False,0.5530312005785504,-0.008305507047132066,6.853485628438384,18.941406081567152,2,94303,1622530800.0,3
5,False,True,0.8680312012484183,0.8379882184303717,9.231264548173458,13.114897362887518,1,94302,1622530800.0,4
2,False,False,0.14340711480781912,0.23767114808544304,8.193173110898977,8.141396600422524,3,94305,1622530800.0,5
5,False,True,0.897449161501263,0.48743017496940066,4.970341878199666,17.833510956686553,2,94303,1622530800.0,3
3,False,False,0.5173153550190122,0.27087840843389616,6.198013796546401,18.452825489242628,2,94303,1622530800.0,2
4,False,True,0.6992280678899143,0.19415520068429487,5.425722468515797,17.921451022448593,1,94309,1622530800.0,3
2,True,False,0.34595500223201425,0.28946751914359237,6.13216694228973,17.551860777903414,5,94304,1622530800.0,3
5,False,True,0.8723235991333047,0.7118945500610088,6.846698572843371,2.8105063178412024,0,94301,1622530800.0,2
3,False,True,0.1743555546798203,0.4739530070054691,5.0639427919547515,19.669351070825428,1,94309,1622530800.0,4
4,True,True,0.6330547489810522,0.6524589539774696,6.003096832382349,15.601240721024567,2,94302,1622530800.0,4
2,True,True,0.3535036832231966,0.8811907730292836,8.700518140893141,11.670456317770402,3,94305,1622530800.0,3
5,True,True,0.8931376474935964,0.027513518142505022,10.749679973869032,19.045238975437485,0,94305,1622530800.0,1
2,True,True,0.19509323921450775,0.1888292764620701,7.567099239389263,11.19073701145885,3,94302,1622530800.0,4
3,True,True,0.4509312317009975,0.7592666406728307,4.955512913573456,18.164581972242672,2,94303,1622530800.0,5
5,False,True,0.9454748911896154,-0.5553226281251125,13.021937970264759,5.993366350047211,1,94301,1622530800.0,1
4,False,False,0.7831953788283866,0.39021712607585274,8.587990431467015,7.68732932133446,1,94304,1622530800.0,3
5,False,True,0.8322636501641559,0.44240277824638335,6.516094350063734,7.313012474980212,1,94309,1622530800.0,4
5,True,True,0.825105680022217,0.7035398128615246,7.997370907306153,15.760491427530724,1,94306,1622530800.0,2
4,False,True,0.6605559229584478,0.1671966421928357,11.482683852239566,9.31093266082911,0,94306,1622530800.0,5
5,True,False,0.8094374209780957,-0.4473178465480929,8.971226650898911,9.32938605011907,0,94305,1622530800.0,3
2,False,True,0.25099733599476304,0.36735257559361756,8.373603144633616,15.835554315044988,3,94301,1622530800.0,5
4,False,True,0.6524264316185467,0.39975190448658593,11.173600443093012,8.894255473241117,0,94309,1622530800.0,4
5,False,True,0.9095438839813085,0.8329272462990527,11.165698458580408,19.48023761740336,0,94301,1622530800.0,4
4,False,True,0.6932197321182654,-0.5624987611993464,7.566993433711647,14.530704967855911,2,94303,1622530800.0,4
3,False,True,0.4914440552686513,0.49196601799955686,7.448721734725989,18.61985577195935,2,94304,1622530800.0,2
2,False,False,0.18078186363657553,-0.10866164000779999,9.775292456943701,14.734097814687175,3,94305,1622530800.0,6
2,False,True,0.1891069073214098,0.5524016851440778,3.06498650941069,19.677309611845374,6,94303,1622530800.0,4
3,False,True,0.35841525873538715,-0.19635057013287094,8.3505866529312,16.16422865525948,2,94309,1622530800.0,5
4,False,True,0.766938841705478,0.8609076409988483,11.602166149261354,18.615022894318543,0,94304,1622530800.0,2
4,True,True,0.7627025861763225,-0.3865717035340386,10.040479720082603,11.039563775305908,2,94301,1622530800.0,5
4,False,True,0.8206099428401188,0.09055742780908538,9.456157492741738,13.283973474422055,1,94302,1622530800.0,5
5,False,True,0.9465841388803948,0.497043237899531,9.833671317169664,14.576198795280447,0,94305,1622530800.0,1
1,False,False,0.006005909958531473,-0.25453729601648933,7.757213494491115,4.71366215855528,4,94304,1622530800.0,10
4,False,True,0.6381582310994397,0.024459441687993966,7.99559521935489,18.494497036475593,1,94303,1622530800.0,4
5,False,False,0.7303934712870737,-0.19750330332413746,9.605442414308296,14.467213290678956,0,94309,1622530800.0,3
4,False,True,0.60152882105562,0.5025034389062722,7.308153674224836,18.560762336685002,0,94306,1622530800.0,5
4,False,True,0.7239792906453243,-0.1312427310531321,3.6556203754789367,17.72951320821022,2,94304,1622530800.0,3
2,True,True,0.22392736296977434,0.7312923823648941,8.125825183829267,12.467704028890864,2,94301,1622530800.0,4
3,False,True,0.40377239705989393,0.36203508558786635,7.922435670067182,19.761364325068655,2,94301,1622530800.0,6
4,True,True,0.6167083828213722,0.3927705685588313,10.12119553294389,18.192818283183215,1,94302,1622530800.0,1
3,True,True,0.24011009525833915,0.6859423944169181,8.106900906815534,15.30296614355467,0,94303,1622530800.0,3
4,False,True,0.7717080154417417,0.3311118955637806,7.819765357852914,5.884527790807226,0,94301,1622530800.0,3
2,False,False,0.0871376121164539,0.9088977881068399,6.345482768055999,12.969621563946703,0,94302,1622530800.0,2
1,True,False,-0.10171826171322187,0.854568149435622,6.091647519008706,11.632412147876636,4,94302,1622530800.0,10
1,True,False,-0.0025294649425284953,0.8549642664880045,0.7270009666991442,12.353510118046216,4,94301,1622530800.0,8
4,False,False,0.8036329710830022,0.32871117196100175,9.913917486369444,2.956016726422206,2,94303,1622530800.0,2
1,False,False,-0.0773632062178514,0.14654855562521302,1.7799616955906772,15.29001632969522,2,94304,1622530800.0,6
3,True,True,0.4352217141354874,-0.2727195686647854,10.042161153272565,13.46166999561376,4,94304,1622530800.0,3
3,False,True,0.5464539310546755,0.12898893195436,5.277856900454589,19.46021837589319,1,94306,1622530800.0,4
3,False,True,0.4056181224438709,-0.05814086651637507,8.012903147045762,12.718486087625593,5,94305,1622530800.0,6
1,True,False,0.1306668488391828,0.6325019283639428,4.829378413134785,15.0128440028316,2,94302,1622530800.0,5
3,False,False,0.5020155198558266,0.27841281241910365,5.689888132317474,17.804591104995666,2,94303,1622530800.0,2
4,True,True,0.6930029816133905,0.811178896823969,8.606002421374754,0.8052181256313133,1,94301,1622530800.0,4
2,False,True,0.28457286370037216,0.6117720736911361,6.815347957993152,9.515762263488114,1,94304,1622530800.0,7
5,False,True,0.8165910528204172,0.33176792678506306,11.6697096990261,16.84914385982927,1,94303,1622530800.0,3
2,False,False,0.1483599929408328,0.7735713347928148,6.159533575729322,9.988459878294066,2,94304,1622530800.0,5
5,False,True,0.9617120270823187,0.06169286971298721,10.654966674913044,19.869147231807574,0,94302,1622530800.0,3
3,True,True,0.3631809281143994,0.811075410623314,7.107370447039389,16.755676384522303,5,94304,1622530800.0,2
1,True,False,0.11489955769440792,0.9327141912967473,2.924847856375425,1.3180774286059886,4,94306,1622530800.0,9
4,True,True,0.7362380915103149,0.13476805656495455,6.015580188971597,15.87058047539756,1,94309,1622530800.0,1
2,True,False,0.23232098712614224,0.495687912771631,9.2315373609078,7.7983041778871325,3,94304,1622530800.0,5
5,False,True,0.7998892335610601,0.6952779294333484,11.475105578708002,11.416155729696015,1,94305,1622530800.0,4
5,False,True,0.8524748111355593,0.0034645702169102677,9.11197353987957,8.565127593398643,0,94309,1622530800.0,3
2,False,True,0.27088310280760997,-0.3904956266905585,5.899651332690788,18.92877075837032,4,94303,1622530800.0,5
5,False,True,0.9975052114371359,-0.020995954449058996,8.917486241174759,13.847529176684475,1,94305,1622530800.0,2
5,False,True,0.8448796883964093,0.028005951461456013,7.853689510638075,19.55772984867326,3,94305,1622530800.0,2
1,True,False,-0.020376890866699665,0.858617839729716,3.2535612366418123,2.2387954973340243,8,94309,1622530800.0,9
1,True,False,-0.02511887866060581,-0.17867845820623396,4.242931705665708,10.758737992507946,5,94305,1622530800.0,9
1,False,True,-0.022918220007110225,0.17980183691172802,6.277972642219131,11.447310398705213,2,94309,1622530800.0,8
4,False,True,0.6430483123341698,0.32392520333190294,12.624814613221965,5.954489013084128,2,94306,1622530800.0,4
1,True,False,-0.08643133450984915,0.7980899362991212,3.9389123401392583,19.13871559073789,5,94305,1622530800.0,10
3,False,False,0.5025690231870766,-0.18249965723141415,9.628701075327118,10.530493430993374,0,94306,1622530800.0,2
2,False,False,0.3857520809134767,0.22550864839158502,5.976696684658998,1.1503676232584326,6,94306,1622530800.0,2
1,True,False,0.05560118550332341,0.9315474664811257,3.583093799364525,12.099281316097205,4,94306,1622530800.0,4
3,True,True,0.4231103492750843,0.6373737942032929,4.3558668709995665,12.394281540269503,0,94305,1622530800.0,2
2,True,True,0.15798247811026694,0.5293870769646193,3.036485499271093,9.919297524864419,2,94302,1622530800.0,3
5,False,True,0.8179514185512275,-0.2720684095395166,9.393253735526795,12.844760756366043,0,94302,1622530800.0,3
1,True,True,-0.023552133260314582,0.5716963909258873,3.8723134963027883,13.880589411490263,3,94303,1622530800.0,6
5,True,True,0.7586531795752494,0.9280791253407861,10.682690837475336,13.689271354576476,1,94304,1622530800.0,2
3,False,True,0.3955079156172943,0.7715996508747824,7.3416488898783445,12.61948760253756,4,94305,1622530800.0,6
5,False,True,0.9055944960510618,0.900999425157273,7.345854680827847,16.923228215134543,0,94301,1622530800.0,1
3,True,True,0.2917547376468178,0.4291461767726106,11.361625602136838,19.08305707061095,3,94306,1622530800.0,4
2,True,False,0.07034957209713386,0.5733927617681807,6.28784475758434,7.971596267848611,3,94305,1622530800.0,2
1,True,False,0.042904935605365215,0.159652089928507,4.924413599193666,17.153994538367584,1,94306,1622530800.0,8
3,False,True,0.3723477179161503,0.11415085730701563,2.8247832774893658,19.047354222568003,3,94305,1622530800.0,6
3,False,True,0.586017647520699,0.7268940427042581,7.241409851763676,18.357505416591266,1,94306,1622530800.0,2
1,True,True,-0.09179808570460707,-0.9067582519494954,7.010466056214969,18.50237552317168,6,94309,1622530800.0,9
2,True,True,0.1609328196013019,0.5755649495483641,7.62120077285574,16.654216734902832,2,94302,1622530800.0,2
1,False,True,0.08253652697228508,0.6261205879468916,7.392477232613631,7.940845130825693,8,94302,1622530800.0,10
2,True,False,0.072440549341591,0.2969161403992502,7.564097014019369,11.242955366817341,4,94304,1622530800.0,7
4,True,False,0.5447727909815278,-0.1818309200194702,8.486026567477857,1.0438210553840577,1,94302,1622530800.0,2
1,True,False,0.04324200461908037,0.560974727968503,5.06884340984117,19.223873646799973,2,94305,1622530800.0,8
2,True,True,0.09587289783931326,0.8233009525006243,8.97864818596966,17.136809054524235,3,94301,1622530800.0,4
1,True,False,0.047615395401370234,-0.18516132438831812,5.2294129938251706,13.661670134037394,6,94303,1622530800.0,8
1,True,False,0.08183541704429825,0.7969571958164419,3.9071554332802907,15.683703893650147,2,94303,1622530800.0,8
3,False,True,0.49396320734839755,-0.15163183498913935,7.86987938355704,19.375710414546973,1,94305,1622530800.0,3
3,False,True,0.45298740222057704,0.6549633507750812,9.364215967939629,12.115138438777251,1,94304,1622530800.0,2
1,False,True,-0.04367073375973697,0.45305969824885106,4.00139323938608,19.018377680939125,4,94302,1622530800.0,10
5,False,True,0.8346612625332644,0.9938186569406515,11.46357387770495,18.414623526489038,2,94302,1622530800.0,4
2,True,False,0.20753763655975824,0.3660010358507151,10.166453021780617,14.819583474388196,3,94309,1622530800.0,5
3,True,True,0.5858711796707714,0.644594085181446,5.726029869776294,17.343750720074866,2,94303,1622530800.0,4
4,False,True,0.7506824099918088,0.25906814502602915,5.566338860142453,1.1564677962268775,0,94302,1622530800.0,5
5,False,True,0.8777892799270711,0.10800676335126791,7.478106245476416,19.813136863365457,1,94305,1622530800.0,3
1,False,False,-0.10879586584552976,0.13203643304941576,6.904006168475288,11.000052990402992,1,94303,1622530800.0,4
2,False,True,0.21629306804957393,0.928025657351268,3.1275516174508957,0.9598982802770024,5,94305,1622530800.0,6
1,True,False,-0.0905700200227214,0.2236747681760185,6.5241176771147265,5.682372972760163,7,94309,1622530800.0,7
1,True,True,-0.11055947502759902,0.6067204313642236,0.19674529505752147,15.319929327755489,1,94302,1622530800.0,5
3,False,True,0.43544409437121034,0.308901423796538,7.960299949031778,17.747731707147068,5,94304,1622530800.0,3
3,True,True,0.5088769639061049,0.2873144646670529,6.817370312663391,10.210992266694177,0,94306,1622530800.0,3
3,False,True,0.3636717271113222,0.03844520731497025,7.176552210076518,8.06363483690967,4,94302,1622530800.0,5
1,False,False,-0.0016508278214155251,0.3920243138548742,5.373248186029983,8.21045740601977,2,94304,1622530800.0,10
3,True,True,0.41260160295998705,0.5530408182060836,3.388427790794174,19.38433729288687,3,94309,1622530800.0,3
5,False,True,0.804924814794227,0.8754345616376347,9.661940169921651,10.788434724060664,2,94306,1622530800.0,2
2,True,True,0.0548947627415651,0.5809021287952851,6.079221766974452,13.125192476602024,5,94304,1622530800.0,4
1,False,True,0.007841633350592936,0.16103388844173583,5.97402393887055,8.686829752250048,2,94303,1622530800.0,10
2,False,True,0.21064414194418757,0.5604438473576047,6.340830909936478,3.982362076379559,2,94304,1622530800.0,6
4,False,False,0.6367739738159358,0.26883635395663774,7.222316519896413,13.890955914853748,0,94302,1622530800.0,4
1,True,False,0.07520473782119122,0.7144334259998796,3.3577713295664515,10.70728883014769,3,94305,1622530800.0,5
3,False,True,0.4292388890912546,0.08093933257970232,6.463145576467924,4.527024478036026,0,94301,1622530800.0,4
4,True,True,0.585220918191134,0.498609620062839,10.427074506549044,17.05810830046073,1,94303,1622530800.0,5
2,True,True,0.1447519760533169,0.9648177362723772,8.016212975205772,12.731925123375504,2,94303,1622530800.0,7
5,False,True,0.8566930942333214,0.827408589819262,13.050513236942955,15.955257706413875,1,94301,1622530800.0,1
4,False,True,0.5721357589373444,-0.10839394517657341,7.504707912405345,17.959871019226114,1,94304,1622530800.0,1
2,False,True,0.28166481714034874,0.35215214310431997,6.181614412662202,2.8211646662236376,3,94309,1622530800.0,2
5,False,True,0.6651370086995722,0.7334284229949398,8.529673559234297,19.02337642360277,0,94303,1622530800.0,4
1,False,False,0.03450908860314772,0.9019218838260167,3.995668074310739,0.9020190239988324,4,94303,1622530800.0,8
5,False,True,0.8914183214073312,0.32040687603274465,9.275143054097372,11.819022109823834,0,94303,1622530800.0,3
3,False,True,0.1972373573646522,-0.053085889214970816,5.764124393121806,5.607050348768894,0,94305,1622530800.0,4
1,True,True,-0.13479868701053477,0.590565677644778,3.810965304015828,19.997681995638175,3,94301,1622530800.0,9
5,False,True,0.8369677665899692,-0.3512073303537814,8.651162984118088,13.952938777792951,1,94304,1622530800.0,2
4,False,True,0.5668151801076503,0.08456736818329652,7.432692121994502,15.349575034484474,1,94301,1622530800.0,2
1,True,False,-0.2274079148690054,0.37285125086993265,3.2001161585009124,17.40779049574118,5,94306,1622530800.0,6
2,True,True,0.023632967079814715,0.6784451960366343,7.602444850131196,13.381780031518645,2,94306,1622530800.0,2
3,True,True,0.5791534172685382,-0.27947281345164465,3.1981237885012876,17.79488671776045,4,94301,1622530800.0,6
3,False,True,0.3791565483246268,-0.06332163078491404,7.407478540432323,7.927750150907514,4,94303,1622530800.0,4
3,False,True,0.5611618141916884,0.55732040667568,7.979724347589029,17.51082289595962,3,94301,1622530800.0,2
3,False,True,0.49810684678701483,0.6198591336938855,9.55262084021867,13.909537514164754,2,94309,1622530800.0,2
1,True,False,0.08470023099325297,0.37783184564014144,3.661992707942816,12.335784946309673,6,94305,1622530800.0,10
1,True,False,-0.1204130957375329,-0.011652403124881583,1.9251787406064387,15.792777964662378,3,94305,1622530800.0,9
2,False,True,0.0506176983606883,-0.15812785815598918,6.3278484108388255,6.43292876911363,2,94309,1622530800.0,4
4,False,True,0.5907609099595222,0.5581028610468981,8.836156466588568,13.61465275021311,5,94306,1622530800.0,4
2,True,False,0.14706158380870588,0.6624595346124096,5.472979972194051,12.691855458969371,1,94305,1622530800.0,5
4,False,False,0.7320503738974083,-0.2420030841522589,9.609602685184237,18.769011726473764,0,94309,1622530800.0,1
4,False,True,0.6674862865006117,0.7341696014085102,5.364947845706062,5.6137201477192775,2,94304,1622530800.0,5
3,False,True,0.24678384753733099,0.9615532835528269,7.7816621414025455,11.473297394531699,5,94309,1622530800.0,3
5,False,True,0.7601655139365575,0.5304057964308169,11.798763477543933,17.3694462915459,1,94303,1622530800.0,4
1,True,False,0.13555197580541153,0.6385224327109628,3.7650081570667817,2.14308116665066,3,94304,1622530800.0,10
1,False,True,0.14289376171071796,0.7127951172618079,1.9505402217649168,2.459190064399621,3,94304,1622530800.0,6
4,False,True,0.6392551746295709,0.17268855397635252,5.349119658528911,19.585179016468373,1,94306,1622530800.0,3
1,True,True,-0.09972812259926665,-0.22687909320053978,5.654100421466565,2.416957550927009,5,94304,1622530800.0,4
1,True,True,0.013818832676234835,0.8125435868067001,5.585961076150424,12.63296958208295,3,94306,1622530800.0,7
4,False,False,0.8976072323940175,0.8025478312199114,6.783937147241314,5.119685062928568,0,94305,1622530800.0,5
2,False,True,0.14082874819838062,0.49483005241387534,6.997876019045549,18.853739199410768,3,94303,1622530800.0,4
4,False,True,0.7431587630206633,0.507345416633534,4.090635863742735,18.386828528843978,2,94306,1622530800.0,5
2,True,False,0.0586542396787319,-0.13692207758628716,4.757886448858597,5.882187071453814,0,94301,1622530800.0,4
5,False,True,0.787110559763625,0.15551595764160614,9.608671481370626,17.260622796818893,0,94306,1622530800.0,3
3,False,True,0.285415320816004,0.5658717256865433,6.060877624926405,10.636646940404205,5,94304,1622530800.0,3
3,False,True,0.5429341922607201,0.3807508361124469,8.902507009458715,14.56368579475668,1,94305,1622530800.0,5
3,False,True,0.40884809130701166,0.25143915415986295,5.129006622908989,7.712967937322105,3,94303,1622530800.0,6
2,False,True,0.2263069238349885,0.9735622224569841,9.627299769827118,8.026972808221274,2,94302,1622530800.0,2
2,False,False,0.14491126965201118,-0.006053944286953494,6.8153122634935945,1.3344715297058087,4,94303,1622530800.0,6
2,False,True,0.046193054744966155,0.20221482348436548,9.905120124083759,2.326141092949399,4,94305,1622530800.0,2
3,False,True,0.3776973032452314,0.16191530750690736,6.818556093084301,19.64391496939311,1,94306,1622530800.0,3
5,False,False,0.9002313783109641,0.19622810450374595,7.334014109019291,12.060728015155519,1,94303,1622530800.0,4
1,False,False,0.08356481969759866,0.608582097159846,5.7325995465183,1.5916653131793055,2,94302,1622530800.0,7
5,False,True,0.953722854927847,-0.11512289200617443,8.4733761771092,7.925851292668426,2,94301,1622530800.0,4
2,False,False,0.27164101650843925,0.7985095405606544,3.979427128712233,2.681432433972873,4,94303,1622530800.0,3
4,False,True,0.7600129320697459,0.04101718198776483,10.274589201059479,18.79267381279817,1,94303,1622530800.0,2
3,True,False,0.45598855157056417,0.5683772508178452,5.274965353239088,12.054542389141545,1,94305,1622530800.0,3
1,True,False,-0.015190191796495129,0.5918547849087781,3.5659198122422184,16.23541554706867,5,94309,1622530800.0,10
5,False,False,0.8180909861999132,-0.045813657455497925,8.78317972183599,8.525966573686276,0,94306,1622530800.0,3
4,False,True,0.5664342933089108,-0.5074082132482973,8.352173063587191,18.3100037817606,1,94309,1622530800.0,2
3,False,False,0.37765015590456974,-0.2702607120780385,11.687502298178671,19.750185414789996,4,94305,1622530800.0,2
3,False,True,0.5757052070506581,0.6130706265232263,7.597346461698235,19.823797357459057,0,94305,1622530800.0,5
4,True,True,0.6463166839806076,0.2483994194061594,6.624228639084174,14.306338884449815,1,94309,1622530800.0,3
2,True,False,0.07606590725014645,0.4609472083070928,8.208129056678233,13.31048531651328,4,94303,1622530800.0,6
1,True,False,-0.1180539785382579,0.6678561714423784,6.6862200318097935,18.63565987973351,2,94303,1622530800.0,6
1,True,False,-0.0472629777809061,0.8180351004007017,5.713278010800658,7.620327257634244,4,94301,1622530800.0,6
3,False,True,0.5083020854203586,0.9046228881399224,7.7828034946068865,8.319639620539476,0,94301,1622530800.0,3
3,False,False,0.45931427832558236,0.6401537545606333,7.032991145931122,14.947415942328462,0,94301,1622530800.0,5
4,False,True,0.6746770672544583,0.35921226467264455,8.162635262916993,8.28692980886683,0,94302,1622530800.0,5
2,False,False,0.323136187227613,0.11341330621242396,5.121350630105567,17.40373917780397,3,94302,1622530800.0,3
1,True,False,0.09973202230933571,-0.1982759952812878,5.3876072215196755,5.390443382856205,5,94309,1622530800.0,5
3,False,True,0.4728065246711453,0.5219176158780209,8.934690619631318,13.394572559748951,1,94306,1622530800.0,5
1,True,True,-0.017937903712512984,-0.1384248950618523,5.836072426435984,11.399629770400225,2,94301,1622530800.0,4
3,False,True,0.40226343417211313,0.1979299907667263,8.652658029933201,18.027355558827537,1,94301,1622530800.0,6
5,False,True,0.9771264342816663,0.37220827529337897,9.389582568649752,2.9284467523752937,4,94305,1622530800.0,3
2,False,True,0.09401559924505665,0.6058437873791264,10.044088147606292,10.087315059913522,4,94305,1622530800.0,4
3,True,True,0.2538820534138946,0.5120812096212631,5.150984075643269,14.327793673312556,6,94309,1622530800.0,2
1,False,False,0.03780364389533174,0.04665639413691064,8.592474419642134,19.293699019627695,4,94304,1622530800.0,7
1,True,False,-0.07585017133198803,0.5712629307929611,4.6961303378470935,15.847819659124553,4,94304,1622530800.0,5
2,True,True,0.24156518376315644,0.99826267204852,8.73600380892692,8.502186796137778,0,94304,1622530800.0,3
5,False,True,0.8400413867235741,0.1879800231925811,6.857779051237788,17.75234276792162,0,94306,1622530800.0,3
1,False,False,-0.050563554636827227,-0.2660688273429672,6.574108177765297,19.887963583796562,3,94309,1622530800.0,7
1,True,False,-0.0033799092028699747,0.7138197707464599,4.321264252152492,17.542963644703747,3,94301,1622530800.0,4
5,True,True,0.8836967195538025,0.13006142780992397,7.9492561752640825,19.683957883856465,0,94303,1622530800.0,3
4,False,True,0.6880755428367397,0.6142171216401688,8.346497107309153,18.43706052004427,1,94301,1622530800.0,5
1,True,False,0.15869492573527297,-0.2502177024459905,4.257824962932912,16.661173815148345,5,94309,1622530800.0,9
2,False,True,0.23839819475524562,0.20877715894415128,9.89120572668735,15.168087707298355,3,94309,1622530800.0,4
3,False,False,0.3616560316588012,0.722363414663073,2.0373568658615966,10.732367398617953,1,94301,1622530800.0,3
4,False,True,0.7689565144370398,-0.13306179069391355,8.400717028191245,9.775337678839719,0,94302,1622530800.0,4
5,False,True,0.8869593849238997,0.778682022655184,9.660169769912939,18.58033677916103,2,94305,1622530800.0,4
2,True,True,0.05443313681461112,0.14544285018977432,7.652748906183919,0.5450681995276909,1,94303,1622530800.0,5
2,True,True,0.2135747527625157,0.042617623769539814,6.445009345341166,18.725346983283828,4,94302,1622530800.0,2
4,False,True,0.7946987222477792,0.5599129811180048,5.167582181561809,16.25534339813413,1,94304,1622530800.0,2
4,False,True,0.5126455533756484,0.37567095028074965,10.067228744572777,18.442851930073857,0,94304,1622530800.0,5
1,True,False,0.04276241674205181,0.1935180785885059,8.864626525721166,0.3878011278542033,4,94309,1622530800.0,10
1,True,False,-0.15296994511617135,0.7227911320908706,5.545531404822529,15.991835556307166,6,94303,1622530800.0,6
4,False,True,0.7512111561022367,-0.12164705336089698,10.891358726320014,10.051225232056254,1,94305,1622530800.0,4
2,True,True,0.3079268826275895,0.43470939435767886,8.11608815784282,13.272639394471241,1,94306,1622530800.0,2
5,False,True,0.9176719196598334,0.3359369413958631,9.54654830603751,11.519915620943891,1,94305,1622530800.0,3
1,True,False,-0.050072711457728285,0.9643962132238133,2.113239414446605,17.636506689493046,10,94306,1622530800.0,6
3,False,False,0.42068206678403774,0.09839708479055265,4.320105686962732,6.617964109234208,1,94304,1622530800.0,2
2,False,True,0.06308597020860765,0.8915213835964477,4.881307924105636,4.507288143492019,2,94304,1622530800.0,2
3,False,True,0.42454056665896545,0.18296237625784834,8.259615752138428,16.701250628128264,1,94309,1622530800.0,6
4,False,True,0.8046157646216647,0.2472380415936773,8.936956778327161,19.066635901346046,1,94305,1622530800.0,4
3,False,True,0.4394752253110453,0.09276557732428747,5.98200663286012,19.419713594467964,0,94303,1622530800.0,4
5,False,True,0.9258442212039857,0.5169014776183226,9.166747866833111,16.268357953685893,2,94301,1622530800.0,2
4,True,False,0.6963428769630781,0.6367407416291297,5.995920020019971,19.973862982010473,0,94303,1622530800.0,4
1,False,True,0.09976119227531002,0.8217309656731637,7.966657201416153,19.29034997361572,7,94309,1622530800.0,4
5,False,True,0.8542037430460245,-0.12884889758945928,4.8725181504176245,16.33487903094874,1,94304,1622530800.0,2
2,True,True,0.11720074516694645,-0.3296569546003374,9.029869377569774,14.42159576566695,0,94301,1622530800.0,6
2,True,True,0.20878581939871582,0.23745649495098214,7.247359209960702,15.461341071029437,3,94304,1622530800.0,2
2,False,True,0.3999272104521268,0.9306382325983038,9.558272285367527,2.774389729864936,3,94301,1622530800.0,7
4,True,True,0.7004846933921323,-0.0367148924219185,8.258678554047727,5.293317058542016,1,94302,1622530800.0,1
5,False,True,0.9806718764447809,-0.0923094258919801,7.34466926947847,16.581873220527257,0,94306,1622530800.0,4
2,False,False,0.07935211461391362,-0.4986268136783636,4.730822060046947,4.565790791626455,2,94304,1622530800.0,6
5,False,True,0.6519049311865417,0.9038062356751199,9.654771374764898,17.54570064173771,0,94302,1622530800.0,4
2,False,True,0.1333192225139031,0.648087834585889,4.669195594512172,16.96235122078872,2,94306,1622530800.0,6
4,False,True,0.757381626999647,0.1599427118197907,8.574890572773034,9.335576847756101,1,94309,1622530800.0,2
2,False,False,0.11656541358985026,0.32995636079939794,8.22091654237236,9.740146812018736,2,94302,1622530800.0,3
1,True,False,-0.178948759327741,0.1077366968271854,6.746722981601208,19.535419752979976,1,94309,1622530800.0,9
3,False,True,0.600657215696657,0.9030979425987506,9.186008648174859,11.205984021604195,3,94306,1622530800.0,5
4,False,True,0.7069257870722482,0.3987448575978679,6.582201658400168,6.8919543860582735,2,94302,1622530800.0,3
1,True,True,0.05065669995101446,0.18311021841761838,3.9020741994988573,14.643213837452464,3,94305,1622530800.0,5
2,True,True,0.13238765329390365,0.014750093347588755,8.90114229636478,2.544092503413083,6,94303,1622530800.0,5
3,False,True,0.35104788344755744,0.622555436357319,8.561863628343051,15.402947465822535,5,94301,1622530800.0,6
2,True,True,0.22390201956851002,0.3497170644956903,5.251224755604455,9.153587787694107,3,94302,1622530800.0,2
5,False,True,0.8199480688717139,0.013732743781693368,6.118905294950349,14.184464426347631,0,94302,1622530800.0,1
4,True,False,0.7340877205848891,0.5546166974356502,6.877698558395262,13.375852959154429,1,94301,1622530800.0,1
3,False,True,0.46146125420950695,0.6533544937928605,7.363784902523708,19.426155377983264,0,94302,1622530800.0,3
5,False,True,0.9400473263477209,0.22114199858221822,4.790973513048772,16.14702117641025,3,94306,1622530800.0,3
5,False,True,0.9092103816960111,0.490779773121588,8.713590102674521,13.985932872188414,1,94303,1622530800.0,3
5,False,True,0.9563090655802551,0.608998681942351,8.47433029174643,19.563504454933195,1,94303,1622530800.0,2
4,True,False,0.7261467206460589,-0.22467333500333075,11.938785076179293,17.31183100805913,2,94303,1622530800.0,5
5,False,True,0.6634538931768617,0.9070388079269736,9.971245500757123,18.98708392125218,2,94309,1622530800.0,4
2,True,False,0.19761870661710962,0.9550757209371958,8.454910329683477,14.050814354283034,3,94306,1622530800.0,4
4,False,True,0.6866716945718571,0.43707137608540636,10.803473411493485,19.65034987796298,0,94302,1622530800.0,5
1,True,False,-0.1727581153199168,0.5559061349781514,5.582437012709437,9.475429686377566,9,94302,1622530800.0,8
3,False,True,0.4996238796052286,0.7456391769590314,8.293378283249858,19.56499128795167,2,94309,1622530800.0,4
1,False,True,0.15169173584324225,0.987545994605021,1.8829180966097958,10.758100993223167,8,94305,1622530800.0,6
1,False,False,-0.17324063287472394,0.06693728639817625,7.2631038601566695,1.385138395669685,2,94309,1622530800.0,5
5,False,True,0.931230149202874,0.6935691153930392,9.133017703749816,15.304753419878807,0,94301,1622530800.0,2
4,False,True,0.6373288035272348,-0.10815314050938962,4.059140407567664,12.449475292201043,2,94303,1622530800.0,4
4,False,True,0.7775077144459471,0.15331308329758392,6.3820345002632095,19.652165801528213,3,94301,1622530800.0,4
4,False,True,0.6102279109372722,0.389416278298696,6.251521325309012,15.00665285024212,2,94301,1622530800.0,5
2,False,True,0.27870259293468214,0.31427424032359497,3.803653610581945,11.696039158899964,6,94304,1622530800.0,3
2,False,True,0.34008187539110724,0.778790053661768,6.17649321366265,11.636715202455093,1,94309,1622530800.0,4
3,True,False,0.3793351892705395,0.5065965147223999,6.837212753805541,4.696359305890269,1,94305,1622530800.0,5
4,True,True,0.715745540899769,0.01840770085536586,8.924487262529142,15.926208140159304,1,94305,1622530800.0,2
3,True,True,0.20380520002392852,0.5505064277841497,6.794431583987319,19.64795477559437,1,94302,1622530800.0,4
5,False,True,0.7554042570108745,0.7429423337168144,9.155941595129127,18.33285730642922,1,94301,1622530800.0,3
1,True,True,-0.023114581526450406,0.536029020554711,6.347641346225924,4.470011234294532,5,94304,1622530800.0,9
5,False,True,0.8662732589957021,0.7709352836295671,11.837938557428563,11.109932154654075,1,94309,1622530800.0,1
4,False,True,0.6528568644784036,0.34512943648267325,5.261960213673106,15.620785273467618,0,94302,1622530800.0,1
4,False,False,0.510269721586136,0.5240390999654763,7.802989995690449,8.097115277619139,2,94306,1622530800.0,5
4,False,True,0.8844224698881228,0.5227727581822696,7.873964860484401,18.834498126706762,0,94301,1622530800.0,3
5,False,True,0.9165531550143571,0.7619003294454325,12.830211503735159,19.608362543446674,2,94304,1622530800.0,1
2,False,True,0.014430342715407912,0.9180100738149146,6.6994574265340585,2.694352735274208,5,94305,1622530800.0,4
1,True,False,0.19179376727889597,0.5620229141070149,1.9080937919316003,11.459587885891352,3,94302,1622530800.0,7
5,False,False,0.7638436012549632,0.35107470154465636,8.998185431847473,16.577567322306606,0,94303,1622530800.0,2
5,False,True,0.8811457845912236,0.16271942442467568,10.479827251337118,18.66639660430917,1,94303,1622530800.0,3
4,False,True,0.7027656578072594,0.6979237744170428,10.645065717798628,11.984997403330055,1,94301,1622530800.0,2
1,True,True,0.12776541150392956,0.15635893239434873,5.694857935544559,7.1028794895864,1,94306,1622530800.0,9
3,False,True,0.4876384329547674,0.47881784677145794,10.399493485183902,12.156696708194147,3,94309,1622530800.0,3
4,False,False,0.6214585401058856,0.7285263379560547,13.310539009120996,19.95026846421399,0,94301,1622530800.0,5
4,False,True,0.7882600060451135,0.8177035535061388,10.222150930444851,10.595302279306395,2,94306,1622530800.0,3
3,True,True,0.4972344626359258,0.5900413932342877,8.80097231413639,16.526684209249368,3,94301,1622530800.0,4
1,True,True,-0.024900757582449057,0.28064262822895236,4.299051470176957,16.98749491655707,6,94304,1622530800.0,5
5,False,True,0.8343761698883507,0.6836636495767014,7.421926584252416,17.05920824729975,1,94302,1622530800.0,4
1,False,True,-0.03688345722642026,0.3721900226674553,3.6701391685803397,3.4115625060650245,2,94303,1622530800.0,5
2,False,True,0.16281095159899361,0.0023502791593541517,4.385567407809182,19.19578457958346,4,94301,1622530800.0,6
4,True,True,0.6418131283131131,-0.190608450334814,8.578359520902858,17.517825732285928,0,94305,1622530800.0,3
1,True,True,0.08310434151242395,0.4330344252987198,4.364240981753961,11.416513192722732,1,94301,1622530800.0,4
4,False,True,0.8139987290135977,0.7505643768591385,8.769103329603844,18.522234930185448,1,94301,1622530800.0,1
5,False,True,0.8695627232621476,0.20151655021569942,8.997938457244302,19.30905365297457,1,94302,1622530800.0,2
1,True,True,-0.05415692116894325,0.5878355995238063,3.6206115638327567,1.9710787094273599,6,94309,1622530800.0,4
1,True,False,0.19354683089430333,0.7472209005476742,4.454644520565044,6.581076125487243,4,94301,1622530800.0,10
5,False,True,0.9075329958586592,0.67162927402681,5.782795522055926,19.451910838577533,2,94305,1622530800.0,1
5,False,True,0.7116646301532747,0.5057819671238175,5.418866196835955,17.876300017292863,3,94301,1622530800.0,3
2,False,False,0.12630960392607843,0.21957301604407525,8.16992350022072,13.904534215820547,6,94309,1622530800.0,5
4,True,True,0.6807248999623222,0.18184584746400828,7.589554532475351,15.144165074571333,0,94301,1622530800.0,2
1,True,False,-0.04453455668771931,0.6982321405849531,4.400470266151993,6.083195823126431,4,94302,1622530800.0,8
2,False,True,0.32758959171065405,0.01988603940481415,7.4033946362281915,3.9699041322272137,1,94309,1622530800.0,4
4,True,True,0.5584987524842703,-0.2955960343304659,11.514773354904703,14.281403838565438,0,94302,1622530800.0,4
5,False,True,0.9360342275294531,0.8836985643956362,8.175597030193119,9.113028228014855,1,94302,1622530800.0,2
4,True,True,0.7947348077278577,0.2322182647798559,10.622784019046573,14.772651016581733,0,94302,1622530800.0,3
1,False,True,-0.1091584370467727,0.01231548536254673,9.66468783898779,11.699953363927165,7,94309,1622530800.0,6
1,False,True,0.017121758511432113,0.44712171116989774,7.2817912185929625,19.727329001628306,2,94301,1622530800.0,9
1,False,False,0.058651710585989884,0.9501891983278903,3.803278055113849,6.633651138739793,4,94309,1622530800.0,9
3,False,True,0.5408762914127785,-0.3577735587454909,6.244976321889357,7.828648789493059,2,94305,1622530800.0,4
1,True,True,-0.11597395364912576,0.2835117890432461,3.1555772169124774,13.390656919346043,6,94303,1622530800.0,4
5,False,True,0.8684287359040994,0.17632901919239197,7.020079402076851,8.464370196874427,2,94306,1622530800.0,4
1,True,False,-0.03910130693517577,-0.29393660855696413,3.8675359878228024,19.166434859385618,2,94304,1622530800.0,6
4,False,True,0.5325651736829561,-0.08642498543259358,8.748637899619755,11.361150026347275,1,94306,1622530800.0,2
3,True,True,0.30343781467018194,0.9063185365890989,6.404613557052926,7.718353944352373,2,94302,1622530800.0,4
5,False,True,0.9769338359168921,0.9113901451836566,10.188986937123586,19.48996128192448,0,94309,1622530800.0,1
4,False,False,0.7765857825292992,-0.32758435004256703,7.662946575821685,15.489735085613574,1,94303,1622530800.0,4
2,True,True,0.19067269736051462,0.9134717698082766,6.919509242136517,14.565425326722561,3,94306,1622530800.0,6
4,False,True,0.5220464008122992,0.7796280750888478,6.207747462351359,17.39367030374359,0,94305,1622530800.0,2
3,False,True,0.28506778658714627,0.2725162312131184,10.97651585392995,2.356929510979569,5,94303,1622530800.0,5
2,False,True,0.22669969732110629,-0.313182240810851,6.182063734067805,4.12196334471713,2,94304,1622530800.0,4
3,True,False,0.25839729717064247,0.3634367384684987,5.411003438538575,19.127915856321465,1,94304,1622530800.0,6
2,False,False,0.25146440178116175,0.4797909904122092,8.469878295754626,10.853870522411682,3,94301,1622530800.0,7
2,True,False,0.1288187368578938,0.968964036838305,7.482429502103946,5.219849045150909,3,94309,1622530800.0,7
5,False,True,0.9695130979855194,0.7662598247008726,13.749656343857394,12.737990719266577,0,94309,1622530800.0,1
3,False,True,0.2965906909130228,-0.48368563711112045,6.795587372837832,11.74236848856691,3,94309,1622530800.0,2
5,False,True,0.9450172383950524,0.0951311739433176,11.600774371549132,19.04582288637289,0,94303,1622530800.0,3
2,False,True,0.17871293982663425,0.41350646821066595,11.35422526476646,19.547712169735405,2,94301,1622530800.0,2
5,False,False,0.7485950432869293,0.3184524650973617,9.11445087510365,11.321837390564156,2,94301,1622530800.0,2
1,False,False,0.000285034236232746,-0.1883174265509695,6.6156209139281295,7.422692106018673,3,94309,1622530800.0,10
4,False,True,0.7937556248995747,-0.19685783760749243,10.069262189377657,9.839659238504794,0,94306,1622530800.0,5
4,False,True,0.8168473422606486,-0.34751883006572626,6.195861057240034,18.240756850493426,1,94305,1622530800.0,3
2,False,False,0.3205060494741489,0.49513877654730254,7.819227629642461,19.11863484394337,2,94301,1622530800.0,2
3,False,True,0.49989238440512523,0.31812092072429893,6.367161156920161,15.4637075327268,3,94306,1622530800.0,4
1,False,True,0.18737530510379063,0.30013193526193094,2.52070190890577,18.22133518196489,2,94301,1622530800.0,4
3,False,True,0.589537474127066,0.49047587207022825,9.038585815401252,15.946235415081958,2,94306,1622530800.0,3
1,False,True,0.04970786687872121,0.5879334092665405,5.225732217996235,11.09424940465152,3,94301,1622530800.0,5
5,False,True,0.7853539841801812,0.9590359232614852,5.801610750313927,17.920566270646134,1,94302,1622530800.0,4
4,False,True,0.6936956317101386,-0.6376405309397424,9.185885919493625,13.85837009263713,3,94301,1622530800.0,4
2,True,False,0.06594385334837982,0.5393953861422575,4.2575474619665705,7.0910457188007285,5,94304,1622530800.0,6
2,False,True,0.2941333608044542,-0.259277249285214,4.38968873202837,11.22117598902264,2,94304,1622530800.0,7
3,False,True,0.32916383241689307,-0.14663112694945124,7.410814851056216,11.231761262022928,2,94301,1622530800.0,2
5,False,True,0.7937140811049813,-0.1355417359278973,9.503817064152967,16.46911981357522,1,94306,1622530800.0,4
2,False,False,0.12402614958732427,0.9016474029228763,6.749423983840037,3.218674631422516,5,94305,1622530800.0,4
1,False,True,0.028082934164153053,0.5529520759590515,5.9394656423413075,1.3668458036911488,3,94304,1622530800.0,4
5,True,True,0.8349180334792152,0.8719759313202592,7.032208287752523,17.380175335766637,2,94303,1622530800.0,3
4,False,True,0.630940504769083,0.5512341424092081,10.236350731423205,12.419473820972712,1,94304,1622530800.0,2
5,False,True,0.9371084643296778,0.2542719514910661,9.561876426623018,4.931124829074349,0,94304,1622530800.0,1
1,True,True,-0.004356801629015563,0.27683137729407026,6.632798695599007,2.1637532718128796,5,94305,1622530800.0,7
4,False,True,0.8900015534663843,-0.38465131339868575,9.170742254739837,18.481880619890944,1,94309,1622530800.0,4
3,False,True,0.3777347162870393,0.26970360760814216,5.808012556183655,6.037520867448563,2,94302,1622530800.0,6
4,False,True,0.6900038774798127,0.37810629126922296,7.509205752157905,6.6190609514610514,0,94303,1622530800.0,4
2,False,True,0.05816224988895127,0.48436155025892197,9.149716264241556,1.1561328428454658,0,94302,1622530800.0,2
4,False,True,0.644665346797915,0.049699542856264656,7.357813101649578,19.667330618816663,1,94306,1622530800.0,4
4,False,True,0.6688143186885748,0.6422779751071109,8.339878901683116,18.383182324825214,1,94304,1622530800.0,5
2,True,False,-0.00017506504443692839,0.584735591100306,6.947576962341247,0.8755840435995879,5,94305,1622530800.0,4
5,False,True,0.9611914503085282,-0.08876785086480288,9.281957385708463,9.998454168440674,2,94306,1622530800.0,4
2,False,False,0.3657662498176877,0.5083165937286255,4.626488672263475,19.170887324597288,5,94306,1622530800.0,3
2,False,True,0.2732621839030007,0.6579916476767297,4.788211168182362,11.352954870083124,2,94304,1622530800.0,7
3,False,True,0.5266111505814272,0.19147861157380336,1.0850270464958953,13.663829489335626,2,94302,1622530800.0,3
4,False,False,0.7158566732296708,0.2673861962988703,9.118809486795143,14.622365469383453,1,94306,1622530800.0,5
2,True,True,0.4522850004189165,0.5960634870021743,7.531167178355886,2.8029725554607694,6,94302,1622530800.0,7
2,False,True,0.14249242781590057,0.755025024014284,7.24463143009834,6.560376443050416,0,94303,1622530800.0,7
1,False,False,-0.05946621250280115,0.7763442889545165,6.874253316039849,12.275092226345407,4,94306,1622530800.0,5
1,True,False,-0.12925940030609093,0.790419408912448,2.367763642535546,13.304140516144344,7,94301,1622530800.0,9
5,True,True,0.8259956895880598,0.10407051829951802,10.120800724116624,19.256582554529018,0,94302,1622530800.0,4
4,False,True,0.6851441764332993,0.5741308330614916,6.2906473710727315,11.427507259027777,1,94302,1622530800.0,4
5,False,True,0.799307385516355,0.4497752892357849,9.029611167590414,3.188169885889181,0,94303,1622530800.0,1
4,False,True,0.7448674173333785,0.8854290688785058,6.355020955356294,8.681400963310125,1,94301,1622530800.0,5
1,True,True,-0.016371067663090468,0.6348043435482372,2.436768393996801,16.34334117750825,1,94303,1622530800.0,4
4,False,False,0.562650764275215,0.011643944459882538,7.454377434732548,19.995141996829943,0,94309,1622530800.0,3
4,False,False,0.8061363771118782,-0.15222337985624512,5.327818942473008,13.786531952290659,1,94301,1622530800.0,5
1,True,False,-0.04026894857934313,0.12663138692753345,1.846694182587306,13.19016231827942,4,94303,1622530800.0,5
2,False,False,0.3005513299831483,0.9158370972503074,5.006906189589367,5.525409346070489,3,94309,1622530800.0,3
3,False,True,0.4534508040063909,0.3474203387439525,9.552776807815864,19.387995598355644,2,94302,1622530800.0,2
4,True,True,0.6869218412033108,0.5520022676360262,8.02115386988127,18.75009997602865,0,94301,1622530800.0,2
3,False,False,0.37122262987972143,0.7216060853550066,8.133443361487114,2.610823758547042,3,94305,1622530800.0,3
5,True,True,0.8705951767652966,-0.005288815326363383,8.592173497573727,17.738475301769142,2,94306,1622530800.0,1
4,False,True,0.7072543683293209,0.21058550384025476,6.896052598688905,8.262531677599668,2,94302,1622530800.0,2
4,False,True,0.5260093217768121,0.8630904429008415,6.37606528413239,17.23566380780295,2,94305,1622530800.0,1
1,True,False,0.038375844684415884,0.3351227073975521,7.3184161696502805,14.938566889012662,4,94301,1622530800.0,9
3,False,False,0.47317944562323805,-0.6571935624064849,5.09591413637283,3.3451478313523353,1,94309,1622530800.0,5
5,False,True,0.9551600960047448,0.7970722794349203,9.632044874321924,12.71823958747558,1,94305,1622530800.0,4
2,True,False,0.23046011788457887,0.7849984599165312,6.380968669636825,15.611072218851973,5,94303,1622530800.0,7
4,False,True,0.8260356310088576,0.5786010901992343,7.791679722086004,19.681748890108622,0,94304,1622530800.0,2
5,False,True,0.9075951196011115,0.4843073192806246,9.24066665002612,5.235328506984104,1,94309,1622530800.0,2
5,False,True,0.944207420162391,0.9035840060230856,6.886820551020107,18.666809648865296,1,94303,1622530800.0,4
2,False,True,0.213897241876432,0.297343586863287,5.276615307077984,15.817429934208917,4,94306,1622530800.0,7
5,False,True,0.9315891492560865,0.2560549902226487,11.872633337690617,8.958351062678844,1,94302,1622530800.0,2
2,False,True,0.44040945264959114,-0.08144640459248675,7.594978434111731,6.724310769515284,4,94302,1622530800.0,4
3,False,False,0.478604451243086,0.7031553129419141,5.120083574009343,19.593992777462518,2,94305,1622530800.0,5
2,False,False,0.11813132862168389,0.7408458634370882,9.017514912196535,9.759036128237256,2,94302,1622530800.0,5
1,False,False,-0.22055121667375138,0.48021971896920307,2.454012042612015,15.630201800526578,6,94302,1622530800.0,8
3,False,True,0.31533863966640086,0.8236556431537398,5.993971305556577,2.458363201818713,1,94302,1622530800.0,2
1,False,False,0.14960790455286038,0.991995151472983,8.203839407713481,0.07081449014938812,3,94309,1622530800.0,4
1,False,False,0.02082432730431237,-0.8786039714706895,0.9556800311719877,4.650231817830047,0,94309,1622530800.0,8
1,True,False,-0.004486218991612604,0.5087954210939662,7.1085504097143986,17.259014667424964,3,94301,1622530800.0,9
4,False,True,0.723447468644698,0.7075298918719876,6.823706428884105,18.754699709305953,1,94306,1622530800.0,3
5,False,True,0.9009811481183855,0.029450170600653913,10.276421702487639,15.119555149483574,2,94309,1622530800.0,2
3,False,True,0.5071521928237792,0.9306200854934928,7.643252249340806,0.6436840424464663,3,94302,1622530800.0,4
2,False,True,0.19060139940926896,0.2864938979591066,10.636008433509197,6.5398453909335785,2,94306,1622530800.0,7
2,False,True,0.38721952724373,0.6299984867192652,9.312078592786335,4.108296138594483,5,94304,1622530800.0,5
5,False,True,0.8555498494101843,0.32489653393962314,11.386629228379727,18.34243742977094,2,94306,1622530800.0,1
2,False,False,0.27840906706261775,0.6514080507050555,8.7182279667073,16.31823582329355,2,94306,1622530800.0,6
5,False,True,0.8501197047851672,0.6894153795093041,7.6838521883180295,17.593968516932875,3,94304,1622530800.0,1
2,False,True,0.15173861817611262,0.25685549914236094,7.67986916915513,17.490416000992127,4,94301,1622530800.0,5
1,True,False,-0.11994329136681488,0.018445098541227667,10.006779970292756,16.108877012899114,2,94304,1622530800.0,4
3,False,True,0.5058764382767773,0.0847260871931454,6.7056299773781705,19.89441366550733,4,94301,1622530800.0,5
1,False,False,0.07319088231597884,-0.252913530349792,2.95051680578699,17.489539001599354,5,94309,1622530800.0,9
5,False,False,0.8667195086602021,0.48032574707873066,7.613563721053684,12.639454921613378,3,94301,1622530800.0,3
1,True,True,0.015241612812602223,0.4886966239995262,5.020195855540585,8.856013506260695,3,94302,1622530800.0,8
1,False,True,0.046730602789860715,0.7586971904170816,5.134973522899506,17.35010782879408,1,94306,1622530800.0,5
3,False,False,0.39462835349801423,0.10883481345757978,5.105356834608337,13.762605386956977,0,94309,1622530800.0,6
1,True,False,0.09937234122825311,0.4303855121526266,5.563531337634856,12.106078973299276,3,94302,1622530800.0,7
4,False,True,0.4907608857924124,0.44273286289878516,7.99542868360988,11.600073418941122,0,94305,1622530800.0,4
4,True,True,0.720973398926743,0.24725835258870255,6.943160100571088,10.727537209659772,0,94309,1622530800.0,2
2,True,False,0.2229874544402931,0.7184596880865417,4.6648567677865085,2.2746150767461586,2,94309,1622530800.0,6
4,False,True,0.7230284351500481,0.19213764318440196,9.307986914053759,10.31334425666239,0,94304,1622530800.0,1
1,False,False,0.1630465528575472,0.5672873007379647,6.643804357538997,9.680711579642235,4,94301,1622530800.0,6
2,False,True,0.27530755745747876,-0.22757087376179064,11.342346582721145,19.910362233955937,1,94306,1622530800.0,4
4,False,True,0.7758563057438195,0.9057373701228257,10.413829421472958,14.924333820699644,1,94309,1622530800.0,2
2,False,False,0.06900039107505337,0.1949945077174362,8.549616451055524,17.48632632824092,4,94304,1622530800.0,2
5,False,True,0.8402653788060742,0.02076518057389809,8.70752576975511,14.116688149693573,0,94301,1622530800.0,4
1,False,False,0.04184033104169011,0.35513962702008206,3.1059705209554833,14.445223944365893,5,94302,1622530800.0,4
2,True,False,0.2310769038668177,-0.013544672599467011,2.6204575349296526,14.861829276142487,0,94301,1622530800.0,4
2,False,True,0.38352352796830663,-0.11801647288990891,3.8796314030102366,8.285344481698303,1,94304,1622530800.0,6
2,True,True,0.20509717697881102,0.4626574429856618,5.992542473939823,3.4162733053001375,3,94309,1622530800.0,3
5,False,True,0.7939614830841869,0.4820850650816789,11.696747003243079,19.592042322568318,1,94302,1622530800.0,1
1,True,False,0.018068272477100564,0.09641240236977905,3.201582808669027,3.7593014548641577,4,94301,1622530800.0,6
5,False,True,0.8619979142850988,0.601796543257166,9.847512890685682,19.721425935386605,1,94301,1622530800.0,1
4,False,True,0.8788688381000729,0.8394178486498061,10.375336560987584,19.832994153882737,2,94301,1622530800.0,5
2,False,True,0.13935707946080023,0.8411940081398518,7.001521117528493,19.653436908005006,0,94301,1622530800.0,2
4,False,True,0.7305301048515552,0.12123419036253669,8.47840156951416,17.315768066912483,0,94305,1622530800.0,3
4,False,True,0.7534250597754092,-0.0009337122923965824,12.31077341768188,18.863842993166486,3,94302,1622530800.0,5
4,True,True,0.5436509944422426,0.798805296788496,9.100966264724525,17.653209850837413,1,94301,1622530800.0,1
4,False,True,0.5685674865556143,0.5289477025383835,10.787240573618174,3.8098892006788674,0,94306,1622530800.0,2
5,True,True,0.8727642756414373,0.7348101510023407,9.103587733267062,15.398908339899492,1,94304,1622530800.0,2
3,True,True,0.49974527064817,0.33601474438523626,10.27273348196227,17.12498802582121,0,94305,1622530800.0,4
5,False,True,0.7347947534700834,0.1663476108374668,5.731463597976356,19.557950011376022,0,94302,1622530800.0,3
2,False,True,0.08861518296097426,0.17562497942959776,7.717905232983615,19.561361746022897,4,94301,1622530800.0,5
4,False,True,0.672211707934906,-0.2010728241358366,10.219912131585218,19.784270684277942,2,94301,1622530800.0,1
2,False,False,0.17927166256520788,0.3888880297421403,7.924538666390054,12.993774809715433,2,94302,1622530800.0,7
3,False,True,0.3584373094297104,-0.109792928089673,6.055548449782363,10.215885553428109,1,94306,1622530800.0,5
1,True,False,-0.07343225615890529,-0.18041592042785526,6.804984779444442,16.80638771354549,1,94304,1622530800.0,9
3,True,True,0.5679952404158328,0.6626848624677275,9.002640113234616,7.193220918066629,2,94301,1622530800.0,6
3,True,True,0.27082121492574973,0.2114491093349582,6.11413055010371,9.574019075755643,2,94305,1622530800.0,3
3,False,True,0.47560445576568156,0.5142772508946339,8.641789842513255,1.9913307140238317,1,94301,1622530800.0,6
1,False,False,-0.08336521497959501,0.5558766824156114,3.0957139400755995,7.092123306106231,7,94306,1622530800.0,7
2,False,False,0.21652407326496917,0.8168366798222197,6.74247415439482,19.836420098784913,3,94303,1622530800.0,4
3,False,True,0.3347648610631785,-0.12508779687214033,6.625004952899691,5.471409896833222,1,94302,1622530800.0,6
2,False,False,0.30371417268569795,0.9617966069508801,8.59209928728826,3.0530940555734105,0,94306,1622530800.0,7
2,True,True,0.2763343167770931,0.20595538153858622,10.120824452568927,8.122077936745313,4,94304,1622530800.0,7
1,False,False,-0.03879939206313081,0.6441512302913783,6.264308730550288,1.1195969399463195,4,94306,1622530800.0,10
4,False,True,0.6482519517853497,-0.025041330524389727,3.79087056848726,13.994388330272216,1,94301,1622530800.0,4
4,False,True,0.6037008253026462,0.02209790681566337,7.197709813873706,18.463793539327014,3,94305,1622530800.0,2
1,True,False,-0.030396060173588674,0.1640665331267701,4.070561083391267,17.25219349184019,5,94301,1622530800.0,4
2,False,False,-0.0025047870299921837,-0.2203402342007994,8.39638242319403,7.373812258921419,3,94304,1622530800.0,4
5,False,True,0.9106504408770474,0.8219781422154442,8.548487530999791,11.955783796348896,2,94301,1622530800.0,4
2,False,True,0.3610732604580918,0.837602348839654,7.5766111635344355,18.18861655265539,4,94301,1622530800.0,2
5,False,True,0.8164425132416266,-0.16651389521803361,10.134838304270744,17.294286258887837,1,94302,1622530800.0,1
2,False,True,0.25552777002097304,-0.38660628421709664,9.330390670112198,9.372604829463796,4,94302,1622530800.0,7
2,False,True,0.20998354181309564,0.2149214980321566,6.882698123964647,16.574780790120315,2,94306,1622530800.0,7
1,False,False,0.03775142499325071,0.024604948637885815,7.317681082609294,11.06845283650756,4,94305,1622530800.0,4
2,False,True,0.38302856091337184,0.5120968366672793,7.834333954113175,3.8677389815383094,4,94301,1622530800.0,2
3,False,True,0.5199546721305353,0.7868662789498262,7.905226157434097,9.645275894951169,1,94302,1622530800.0,4
2,True,False,-0.057033955222836,0.9324067293724215,7.555063594598861,6.105223330081174,4,94302,1622530800.0,2
5,False,True,0.8255400974553541,0.17079716444495857,12.564273227202754,1.8305330038255079,1,94306,1622530800.0,3
5,False,True,0.9639325298603815,0.86937061707348,14.205802855075003,17.297553070907043,0,94309,1622530800.0,2
1,False,False,0.011929842418791178,0.17809411703658984,6.159887684502615,13.839912343833475,6,94302,1622530800.0,10
5,True,True,0.9252347795167474,-0.29048583956501417,10.682426504757814,8.784694148690505,0,94305,1622530800.0,1
1,True,False,-0.09060366728078673,0.1909050829687889,3.5345365534361592,15.237967391563188,6,94305,1622530800.0,4
5,False,True,0.9200415022859597,0.7724583602233727,11.310384541066725,17.709563387362266,1,94305,1622530800.0,2
4,True,False,0.8026701540715713,-0.41450345333409055,9.681909028140923,14.231397295775082,4,94303,1622530800.0,2
2,True,True,0.18636234769853238,0.02450705956408511,10.796411959220883,7.208351912381318,2,94301,1622530800.0,6
2,True,True,0.03885901819095569,-0.2227446023034405,9.429015080345398,13.811878507914741,5,94306,1622530800.0,6
1,True,True,-0.10014245085613589,0.9738791158338493,3.3528211127072147,15.463430016402896,5,94306,1622530800.0,9
2,False,True,0.1369909579307248,0.5330725062318137,9.730381411456836,17.463144960449313,2,94305,1622530800.0,5
3,False,True,0.3815829533015815,0.8244576005358079,4.066110059902524,6.810722066618496,4,94303,1622530800.0,3
3,False,True,0.5367699350795504,0.7247920154852256,5.825969146720835,6.874637593623788,2,94306,1622530800.0,3
1,True,False,-0.015451866505554846,0.1928153857287747,1.637178547046167,14.736016806594876,2,94302,1622530800.0,4
2,False,False,0.1785753394266389,0.30248953749559127,4.597897390799487,17.192102416533487,5,94303,1622530800.0,2
5,False,True,0.9187115986027992,0.9077880706925383,9.267904192409908,17.611095733265415,2,94306,1622530800.0,3
2,False,False,0.15287206690687594,0.7497882290704518,1.131623847072821,14.379140971343872,1,94304,1622530800.0,3
3,True,True,0.25610571762933043,0.26464207751707697,4.016220424168108,5.707831855655172,2,94309,1622530800.0,2
3,False,False,0.49510512753071234,0.4952954905386897,7.717550906768024,19.21238297622267,4,94303,1622530800.0,5
1,True,True,-0.01624558089017589,0.14215744226197347,6.520520210301291,6.253506038662948,3,94304,1622530800.0,8
2,True,True,0.19745043455424427,0.31020053526368424,7.886563201198793,17.426683600776016,1,94301,1622530800.0,6
5,False,True,0.7764517830598671,-0.41505735430727775,12.379259444525132,19.818111302764578,3,94303,1622530800.0,3
4,False,True,0.6289861402382652,0.5635546258618056,6.444169347608613,18.79825151004593,1,94306,1622530800.0,2
3,False,True,0.6527633529906949,-0.11310269505720982,6.460729538458186,18.165609323794,2,94304,1622530800.0,5
5,False,True,0.9134403013787576,-0.06597390050562901,8.352753328567418,16.8372875865698,0,94302,1622530800.0,2
5,False,True,0.8319814167795118,0.9062135209081671,10.632408948986928,12.988566771440901,1,94302,1622530800.0,3
4,True,True,0.6572807311766348,0.27605561970861825,10.181798951384506,11.697592791781403,0,94306,1622530800.0,1
3,False,True,0.499533948645437,0.6191398525122,7.6334142624044565,16.87657089474999,0,94305,1622530800.0,4
5,True,True,0.9795083308963674,0.5729477824211948,9.911912945735638,14.61706128594875,2,94304,1622530800.0,3
2,False,True,0.12279035081487094,-0.11530259576378432,6.937272473406033,15.103479394012766,3,94303,1622530800.0,2
4,False,False,0.7912761623052623,0.4044877185658203,9.746222801366791,10.219480716327723,0,94305,1622530800.0,1
2,False,True,0.1387084762818486,0.04523101266406504,7.918424290319351,4.3049574232157966,3,94305,1622530800.0,2
2,False,True,0.14574776149169336,-0.12949371805165155,3.6050175128193676,10.62220959831086,2,94303,1622530800.0,7
4,True,True,0.661120005292717,0.4286587890741099,4.310097846672098,17.73883899113025,0,94305,1622530800.0,5
3,False,True,0.40098679921561503,0.923373370083564,6.296732487596254,9.590623606561337,0,94309,1622530800.0,6
4,False,True,0.7509155530571534,0.7560781816848909,6.051297760130422,6.963779053612484,0,94305,1622530800.0,1
3,False,True,0.39679459175012055,-0.16492200142745683,9.006401518185033,9.322240710608469,4,94309,1622530800.0,3
1,True,False,-0.08366786056249152,-0.42036589113007794,6.118643533763551,2.3199124843507946,6,94303,1622530800.0,9
3,False,True,0.3890367337209922,0.24040503053094375,5.387932224619345,13.72624491390252,1,94306,1622530800.0,2
5,False,False,0.8821759635974582,0.5153587912014623,10.642299302683023,8.626819474395631,1,94305,1622530800.0,4
4,False,False,0.6405446072910231,0.24720659309078136,9.16765689590761,9.595183164935975,0,94306,1622530800.0,3
5,False,True,0.8784922479427333,0.33009271343942453,8.129334836243403,8.183882270699598,0,94309,1622530800.0,2
2,True,True,0.16887897596837,0.37528538702288394,9.38660005471775,16.56218670512152,2,94306,1622530800.0,2
1,True,False,-0.23158562746486464,0.1418121152088923,4.489633474202678,2.0281435851971708,6,94309,1622530800.0,8
5,False,True,0.9527036315868863,-0.009642057787815794,10.16422636101667,19.14251568493404,1,94302,1622530800.0,3
3,False,True,0.27022946909166046,0.692493709757098,6.083831471454325,18.00974369935642,1,94309,1622530800.0,2
5,False,True,0.9310474701482196,0.13181389317265513,7.3339824074461895,18.599238282873728,0,94306,1622530800.0,3
3,True,True,0.41353127537123774,0.22813180250303294,12.341991277212951,19.483306576823338,3,94309,1622530800.0,5
5,False,True,0.8603106496028776,0.46441422100189295,9.44310148798906,18.26367135148871,2,94309,1622530800.0,2
4,False,True,0.7984164340431307,-0.15786569400743966,5.765937169665051,19.021327358540077,0,94309,1622530800.0,4
5,False,True,0.9322348880530648,0.9616264079417745,12.401750945134339,13.377250878246684,0,94305,1622530800.0,1
5,False,False,0.8913543395045261,0.4060465435800689,10.054982826707864,18.43690451295157,1,94304,1622530800.0,4
2,False,True,0.16913579113778798,0.8182746550361197,9.383135601976065,14.517187596142037,6,94306,1622530800.0,5
4,True,True,0.6199987502742005,-0.9146394409977314,9.931052439612303,11.862357854630204,1,94302,1622530800.0,2
1,False,False,-0.10713526990845655,0.8613084065486699,5.315906579251405,19.834104422820616,4,94303,1622530800.0,4
3,False,True,0.3892657344286866,0.8770822552776139,8.047230354716246,19.316145458207416,3,94306,1622530800.0,6
3,False,True,0.37073906742044527,0.3199854413143477,5.92623717120275,7.695167933463324,3,94306,1622530800.0,6
3,False,True,0.3501183033509498,-0.05767825421710571,6.687652514890223,18.544852957474973,6,94302,1622530800.0,3
4,False,False,0.6202997261558765,0.6614658855048455,6.966705738231839,17.05318295384575,0,94309,1622530800.0,3
5,False,True,0.702936632663953,-0.31561293936254264,7.8407384949316885,18.644556081159465,1,94306,1622530800.0,1
2,False,False,0.36653074099766486,0.6256834655245541,5.570174809255043,17.8235134454452,2,94301,1622530800.0,3
1,True,True,-0.2526895123974643,0.7020693201313124,4.253302015936035,13.395186150093167,2,94305,1622530800.0,10
4,False,True,0.7305301414821708,-0.10412905866315803,9.417714398813686,14.144891298238633,1,94306,1622530800.0,2
2,True,True,0.2481282617747634,-0.050601799208623066,9.024680841481114,9.21773529775254,3,94303,1622530800.0,7
1,True,False,0.06439496924971602,-0.142994184596558,2.4054064112233666,5.011688066689771,6,94301,1622530800.0,6
2,False,False,0.25598462889573537,0.9945066351021259,7.141462171514364,3.4296701959844995,3,94309,1622530800.0,4
4,False,True,0.6918104137167451,0.9776207875161711,8.710156670156156,19.883594421559167,0,94305,1622530800.0,4
4,False,True,0.6178417895646832,0.8771309805652554,8.379392263309603,18.541887558504413,2,94302,1622530800.0,3
2,True,True,-0.08419562782617424,0.8604751074896869,9.167919009547276,7.886728895027829,3,94305,1622530800.0,5
5,True,True,0.8570118134122761,-0.24366058559052395,9.691441195291391,14.203066213642103,0,94309,1622530800.0,2
2,False,True,0.26382371884005795,0.3932723711318021,4.388926250465958,5.275838794419201,2,94309,1622530800.0,5
5,False,True,0.8620644665868501,0.8926775288364901,9.738407966214178,19.661124587557424,2,94301,1622530800.0,4
3,False,True,0.3968109153369128,-0.08911394769516356,8.864808330593657,10.22037544287491,1,94302,1622530800.0,4
3,True,True,0.5195542189180167,0.09220074446986376,3.6633418229226367,14.994535997475339,2,94305,1622530800.0,4
1,False,False,-0.052856305716041545,-0.7692003967145213,2.113640500981829,19.44755681378828,1,94304,1622530800.0,9
2,True,False,0.09297418309990382,0.6222282205599066,10.70323600194895,12.134154458155137,2,94309,1622530800.0,3
4,True,True,0.6388434861371278,-0.5692067015348552,5.90359224706384,19.264150684555773,0,94306,1622530800.0,4
3,False,True,0.19838298881125202,0.7518350143885214,3.00756721119016,4.895493519279171,1,94306,1622530800.0,3
2,True,False,0.2699361180806653,0.8203099461298284,7.535402344968275,19.053523676119198,2,94305,1622530800.0,3
1,False,True,0.1475575967114768,-0.053424674367510194,4.819337606699422,11.551515731153245,5,94303,1622530800.0,5
5,False,True,0.9697195743300868,0.1552007764948921,6.165942080677757,13.629623016429036,1,94305,1622530800.0,4
1,True,False,-0.17518960714080253,0.3558227846738412,4.403194031798163,12.80231492146541,1,94306,1622530800.0,9
5,False,True,0.9763218019142115,0.23922839966166876,7.251175968331671,17.09098126035309,1,94301,1622530800.0,1
4,False,True,0.8280575908647515,0.7348850416429538,12.233314885229943,12.81302179110213,1,94305,1622530800.0,1
3,True,True,0.3778333336588908,0.8428278447058225,7.713855208965438,14.13364285100323,0,94306,1622530800.0,3
2,False,True,0.23137595332030741,0.065548652487121,5.387785803281477,18.35639564887464,1,94306,1622530800.0,2
4,False,False,0.6899145365328693,0.7397708163498048,10.742764784424644,7.354024447387019,1,94306,1622530800.0,4
4,False,True,0.6030363052484554,0.7511349269200233,5.587189535398674,14.55229564934666,0,94306,1622530800.0,1
2,True,True,0.2269930863110356,-0.2505064352289452,9.165826773742134,2.0852143005071753,3,94306,1622530800.0,6
1,False,False,0.06684119417375879,-0.0290122983811677,5.739752763663796,16.20997193755221,3,94304,1622530800.0,4
4,True,True,0.5204519756986037,0.7953783745848668,7.889146368667842,11.162654485463293,2,94301,1622530800.0,4
3,False,True,0.5427120128222814,0.4423421553516676,8.094789655914823,13.200002756930417,1,94304,1622530800.0,6
4,False,True,0.8050149620408571,0.6425967809706282,9.263923661973104,12.520059493814415,3,94305,1622530800.0,4
4,False,True,0.5585567166441435,0.5923080531763055,4.073886382063746,11.768048667808841,1,94306,1622530800.0,3
5,False,True,0.8486587775952114,0.5148041530664509,7.253036257713449,17.133220184220363,1,94303,1622530800.0,2
2,True,True,0.28531868505747326,0.9643139653200192,8.318038483140354,0.022053643141873636,4,94304,1622530800.0,7
1,True,False,-0.0898082745884748,0.1350927753054313,8.602368860373975,19.07862678543134,5,94302,1622530800.0,8
4,False,True,0.6752460505603267,0.547801094970058,4.27571954001048,16.525855210269413,0,94309,1622530800.0,1
3,True,True,0.4995599862199489,0.16251901829089827,7.797044218322321,13.423028539284644,4,94303,1622530800.0,4
3,False,True,0.42271051814965255,0.13591270870242517,7.428059850594125,19.684250359401062,2,94306,1622530800.0,2
1,True,False,0.07443993237961141,0.841373683321019,5.920506626435985,12.024898319134053,5,94302,1622530800.0,7
4,False,True,0.7124749159179858,0.7695498221908214,7.03151670599826,17.58519346116225,4,94302,1622530800.0,4
5,False,True,0.9839087563096773,0.5295837662123689,7.209335034156476,6.350824694558298,2,94309,1622530800.0,1
3,False,True,0.6180952763982583,-0.11448432763659011,3.8326262784514924,14.92154099063788,3,94303,1622530800.0,5
1,False,True,0.07213938893809695,0.24117088510827522,4.0462639953117785,12.926518054602099,3,94309,1622530800.0,7
4,False,True,0.9612916146711223,-0.05846775460261289,8.147180293376524,4.758527908592157,3,94301,1622530800.0,4
2,True,True,0.35352726750034275,0.9124890842731748,7.158082070471055,7.021436001146469,2,94303,1622530800.0,6
4,False,False,0.7707587703992671,0.486984276587331,8.545805699589277,15.589019941650292,0,94309,1622530800.0,5
4,False,True,0.6671179560434998,0.29076547014765153,7.966740838455817,13.049740383735411,1,94302,1622530800.0,4
4,False,True,0.8722124535948986,0.479514196809377,10.096627938759678,8.81940934478746,1,94304,1622530800.0,5
2,True,True,0.25475871198534683,-0.2610382938885921,7.396003736274439,16.477216001338945,2,94305,1622530800.0,2
1,True,True,-0.017936296260118355,0.6206254309287795,6.208609132839754,13.815453151043585,5,94301,1622530800.0,9
1,True,True,0.10333933300414531,0.5672821097356292,5.285508830884342,6.151407419986555,5,94301,1622530800.0,4
3,False,True,0.4700781409820142,0.19322374931833697,3.6959065268522773,17.827845734261416,3,94302,1622530800.0,3
4,False,True,0.81741757945904,0.48013193585147934,9.256298908072822,17.00241708718397,2,94306,1622530800.0,5
2,True,True,0.25306179490108577,0.37738922273492487,5.188169886258816,16.18898944930197,6,94303,1622530800.0,6
5,False,True,0.8250600473952342,0.6389823432925089,8.380378943036428,18.714510035682792,1,94305,1622530800.0,4
4,False,True,0.7301638932673106,0.1178735263907627,5.011213334822409,12.117829820978898,2,94302,1622530800.0,2
5,False,True,0.770003238651209,0.43312621376384836,7.752297961666223,16.93495927359396,0,94304,1622530800.0,3
3,True,True,0.31939467072628613,0.524466736995219,7.895651008638101,18.57762525789417,2,94301,1622530800.0,2
4,False,False,0.7620844966586615,0.21579845608994525,10.105503948509332,15.585587504890668,0,94309,1622530800.0,4
4,True,False,0.7415290073084483,0.9681033887201291,8.568084639760002,15.52655163476578,1,94306,1622530800.0,1
5,True,True,0.9964175033910915,0.9311967640822993,10.63175354419461,18.421462567957974,0,94305,1622530800.0,2
5,False,True,0.8761377607707476,0.9322456470659309,5.696967779240049,16.860791539125046,1,94305,1622530800.0,3
3,False,True,0.5867562198224441,0.24650412080945083,9.076540605518293,15.085389644456825,3,94306,1622530800.0,4
5,False,True,0.9451424400031772,0.18120091927120258,9.235898895275671,16.257309775551846,1,94305,1622530800.0,4
1,True,False,0.1674252436652833,0.770450000163527,0.3918492861879912,15.87418641053614,3,94302,1622530800.0,4
5,False,True,0.9713756315432631,0.11442180403834823,7.729290764354442,5.452576705121999,2,94305,1622530800.0,3
3,False,True,0.3374019897786982,0.18530208432110612,7.180254205689004,12.962877278425537,3,94301,1622530800.0,5
3,False,True,0.31136131651263504,-0.022587935938558568,4.317589248414965,2.2225520927298703,3,94304,1622530800.0,4
4,False,True,0.8595311302262292,0.8372871144369196,10.003145571992185,11.624371953068703,0,94302,1622530800.0,1
5,False,True,0.8591685434404506,0.6143350501091644,7.071584077680452,16.234358560751332,0,94303,1622530800.0,3
2,True,False,0.1949568202855916,0.7286588186408928,11.601061132688368,11.567439641681403,2,94305,1622530800.0,7
2,True,True,0.26695094006622094,0.5055527427215434,3.009661041026855,3.897494706202508,1,94301,1622530800.0,3
2,True,True,0.027553294142400014,0.569616365885051,12.021525721719339,12.317115452333326,1,94304,1622530800.0,3
1,False,False,-0.018784850631753378,0.5016469853576622,3.8664020031397066,13.780297797598053,6,94301,1622530800.0,4
2,True,True,0.1374998836718323,0.8350232655874646,5.328005984850828,8.628457073753736,6,94309,1622530800.0,5
1,False,True,-0.09670711951635426,-0.589751609510039,5.96345552627141,11.252373957768128,3,94301,1622530800.0,6
1,False,False,-0.05694195285552738,0.07627858547364635,6.564378631741071,5.618373419490553,5,94309,1622530800.0,9
4,True,True,0.7610442083364719,0.6398427867272344,10.880191015761177,13.73011938033909,1,94305,1622530800.0,2
3,True,False,0.5178244988548866,0.9206427179867482,6.696843996066537,16.626309713790647,0,94301,1622530800.0,4
4,False,True,0.6516806919353741,0.47846673444320226,8.791056786012769,19.72231323637044,0,94301,1622530800.0,5
5,True,True,0.9368228026633764,0.08039971613265229,6.179142304225345,17.191913028301258,2,94309,1622530800.0,4
1,True,False,0.010556894909361169,0.7702697743056217,5.82810447791963,9.508487972147151,3,94302,1622530800.0,5
4,False,True,0.7262110667995156,0.7246535989659476,2.0816063525684756,1.7022961410106632,0,94305,1622530800.0,2
3,True,True,0.3163229681312392,0.5011782089591464,4.296335571184819,16.717307831780488,2,94304,1622530800.0,3
2,False,True,0.16375556664923574,0.23687193312604643,8.632691465633407,2.2793489569692724,2,94303,1622530800.0,6
4,False,True,0.6558178058252544,0.09323334087405727,7.12806462794666,19.036756361783148,1,94304,1622530800.0,3
1,False,True,-0.025172967149262107,0.845414199865395,5.766870102549354,5.390014818377637,3,94304,1622530800.0,4
1,False,True,-0.09818370329545072,0.43054291475228124,4.504198526277586,12.269767963729407,6,94302,1622530800.0,9
2,True,True,0.1966675981633674,0.006144453754256207,5.5041576287725675,19.833107167824664,3,94304,1622530800.0,3
4,False,False,0.6318246952494517,0.9130153156264946,6.944557054756514,15.51933206447228,1,94309,1622530800.0,2
5,False,True,0.7980259288179481,0.3950919260016893,5.899754828909286,6.044128813739519,1,94306,1622530800.0,1
1,False,False,0.058600434982688444,0.6478064373295956,5.185529980102119,18.208156674008876,4,94303,1622530800.0,9
3,True,True,0.5089653862160394,0.4047954401301938,8.074033584310403,19.25369871087281,2,94306,1622530800.0,4
2,False,False,0.1628977963328922,0.3083068465788724,4.514288874209492,9.171140318814878,4,94303,1622530800.0,3
4,False,True,0.8625095537308016,0.8609495908784608,11.250321769625844,18.191960167602815,1,94305,1622530800.0,2
1,True,False,0.03157007693833176,0.4030846741090083,3.9181707636739556,17.724999975946247,3,94301,1622530800.0,6
3,False,True,0.5014390662130755,-0.04800765156273523,8.331558947230132,19.44489304240477,1,94305,1622530800.0,4
4,False,True,0.6940432757267968,0.7030405614423649,7.859458902450618,10.908259187104022,0,94305,1622530800.0,2
1,False,False,0.026764997628142686,0.5400820579706148,5.791238456177567,3.082761540530754,2,94306,1622530800.0,9
1,True,False,-0.14166715505117236,0.9023872392622407,9.146230721355757,3.965026986188974,4,94303,1622530800.0,9
1,False,False,-0.14043727052260127,-0.45161982578783344,4.4356570651556,7.192528820188272,3,94305,1622530800.0,6
4,False,False,0.7237059534456989,0.5628128945273173,7.61186613260134,16.00340720371662,1,94305,1622530800.0,5
4,False,True,0.4719730184612811,0.6580198790067915,6.960974258272805,10.179682724870645,0,94309,1622530800.0,5
3,False,True,0.6506519812754872,0.18495676476165268,5.739306396663193,18.76423377724234,5,94306,1622530800.0,6
2,False,True,0.1666336369418916,0.7031825669139891,7.178551557243353,18.350571459313926,5,94306,1622530800.0,7
3,False,True,0.39145262138438375,0.9851764329377539,4.709335876575125,13.289771440984794,0,94303,1622530800.0,6
4,False,True,0.8543087187824578,0.39726438091644306,4.817065839898378,5.508499984328864,0,94301,1622530800.0,1
5,False,False,0.7935028390092553,-0.6370335225003065,9.068697924740842,17.18435961054945,2,94302,1622530800.0,2
3,False,True,0.33099353000608717,-0.5709267072471174,9.172927015946087,15.697697743746005,4,94309,1622530800.0,5
3,False,True,0.5268398220526801,-0.43527626775889106,8.962502447072659,17.96602726603072,0,94304,1622530800.0,4
4,False,True,0.8765085251688197,0.365764930874907,6.647856017134192,18.575112848886533,0,94303,1622530800.0,4
2,False,True,0.07180421488055583,0.25792019135496846,7.503038201628673,2.685557431848224,2,94301,1622530800.0,6
3,False,True,0.5247421605737383,0.748965213997185,8.403791424692606,18.087153903479987,2,94305,1622530800.0,4
1,True,True,-0.18412119727963483,0.820443348292254,1.8223623354939433,7.132029526924953,5,94302,1622530800.0,5
5,False,True,0.7465029711128897,0.8371745853125985,13.712981689615912,13.196976335001807,0,94303,1622530800.0,2
4,True,False,0.8184410485272723,0.20462738778845846,7.200851946230816,15.314322442892887,1,94302,1622530800.0,2
1,True,False,0.05002276937327154,0.4355809397776774,7.631964085173076,15.551092469708124,5,94302,1622530800.0,9
3,False,True,0.4613231970176611,0.26772651062106445,10.323111741292472,17.51042586547618,2,94303,1622530800.0,4
1,False,False,0.07321574008522562,-0.004268784553343896,5.312790691639555,2.7699462127008303,2,94306,1622530800.0,10
5,False,True,0.9098156052887293,0.17673757256327505,7.056041075123156,16.21230582469758,0,94302,1622530800.0,1
1,True,False,0.1622090326767472,0.2471790326327824,5.548967364961773,3.3610100525656605,4,94303,1622530800.0,5
1,True,False,0.11599185123194307,0.8665752510885321,3.902045028446433,14.531261809840203,2,94305,1622530800.0,5
4,False,True,0.7478237870227477,-0.8534061213746185,6.912630154062615,19.054491442088192,2,94303,1622530800.0,4
4,False,True,0.5360854198796865,-0.4566423537789942,10.065361680034126,18.167622552603802,3,94302,1622530800.0,5
3,True,True,0.21474724129232445,0.2167299555350884,6.719738066814184,5.5456946323751595,2,94303,1622530800.0,3
3,True,True,0.5332214250799542,0.17610370960698107,7.19302303183696,3.210075316577047,0,94302,1622530800.0,4
5,False,True,0.8495529391092692,-0.02657267248613604,9.592293275526455,18.352066063318148,0,94302,1622530800.0,1
4,False,True,0.731695857935135,0.05715134367790958,6.643928976205734,14.687738167930661,1,94309,1622530800.0,4
1,False,True,-0.06863860945054678,0.22928265289830024,3.470248353113512,2.805497772730263,5,94305,1622530800.0,9
4,False,True,0.7083137475722104,0.004281582932355088,7.583991435761292,6.4661555337268055,0,94309,1622530800.0,4
1,True,False,0.11133911440049667,0.4925184252382656,5.98257186565808,8.275854871945853,2,94304,1622530800.0,10
4,True,True,0.6604807083827734,0.608699680234768,4.9058790330935995,19.93076399088443,0,94305,1622530800.0,1
3,False,True,0.3463147082761422,0.43936713321421395,8.209122009623783,16.580636965187864,1,94309,1622530800.0,2
5,False,True,0.9778156538354883,0.13170807539253493,13.019784200759453,9.248484015338704,0,94302,1622530800.0,1
2,False,True,0.1245348381551438,0.2878201719035009,6.872232459228898,9.699890459668325,0,94305,1622530800.0,7
3,False,False,0.4095374389307748,0.6551440523447383,8.256816572319355,12.45016723459787,1,94301,1622530800.0,5
5,False,True,0.7692058339142656,0.14047262776180985,10.773864215555308,18.504628484761668,0,94301,1622530800.0,3
5,False,True,0.9103245939607499,0.5105588294536122,7.725114644765039,19.69498448676694,1,94303,1622530800.0,3
4,False,True,0.7072869220183723,0.874444547812604,6.798264432226914,17.723349665147964,2,94303,1622530800.0,4
4,False,True,0.7681484312968498,0.364853459762268,2.6103588481886364,14.558991913906311,3,94309,1622530800.0,1
3,True,True,0.3177073218605892,0.9408364330440848,4.631741282709237,19.23322079397667,0,94309,1622530800.0,2
3,False,True,0.4247681739286986,0.8120058775291319,8.957990072153848,18.127409405954836,0,94302,1622530800.0,6
1,True,True,-0.03519333228718358,0.2661048512643813,3.043454049044879,14.344281229398518,4,94305,1622530800.0,5
2,True,True,0.06048220162316276,0.8713229060526698,9.441412906972507,11.56506019796717,4,94304,1622530800.0,5
4,False,True,0.6949097658713382,-0.04862223665187537,9.71575483271516,6.953793790121097,1,94302,1622530800.0,4
4,False,True,0.6567587068990008,0.6065141483178176,5.628008992073259,16.984767306434037,1,94309,1622530800.0,4
4,False,True,0.699393201188576,0.15614007835610294,7.480502007993896,9.836317725155993,1,94306,1622530800.0,5
2,False,True,0.1594821770189661,0.4130333470127362,5.198849485299042,13.271578491165599,4,94301,1622530800.0,3
3,True,True,0.3370837593060952,0.406543616714794,6.806071475357323,14.13412877379426,3,94309,1622530800.0,2
1,True,True,0.13735923939178937,0.451117674943723,5.885605824436151,9.077442526280919,4,94302,1622530800.0,5
1,False,True,0.09287158733906282,0.43149564269254337,7.253585133569798,6.707533521438819,6,94306,1622530800.0,6
4,False,True,0.7772365150282198,0.47166746588174097,9.874732080949144,18.395285252631822,0,94301,1622530800.0,5
5,True,True,0.9712190297958898,-0.21877686966696686,9.025207800538517,16.856478981358975,1,94304,1622530800.0,2
3,True,True,0.2595619898516527,0.33423468753743313,7.656463973566442,17.753894758793137,1,94309,1622530800.0,6
2,True,True,0.217069183233964,0.6946629154691588,7.216141490574587,13.651023875006047,2,94302,1622530800.0,7
2,True,False,0.18574897968915413,0.6063636141066897,2.3169837287145167,12.419478896489466,2,94303,1622530800.0,3
5,False,True,0.8272321999207509,0.628755572691536,6.447150658438323,17.95711210213915,1,94309,1622530800.0,4
2,False,True,0.39504534237079425,-0.546974552815513,7.84853361170687,18.039083181479953,3,94302,1622530800.0,3
2,False,False,0.19092239652416834,0.023408196101631695,8.495280311263013,14.52729813161551,2,94304,1622530800.0,5
3,False,False,0.23651340435499307,0.4956256643925625,3.098474926288208,13.179934897329588,4,94301,1622530800.0,4
4,False,False,0.5756326639575152,0.2565259023023865,8.521125621438152,19.36686043302376,2,94302,1622530800.0,4
5,False,True,0.953641261729378,0.5655212087240921,9.737834989006787,18.812409405268966,0,94305,1622530800.0,2
4,False,True,0.6359835017232024,0.13275378980981067,8.735037247800646,17.772080160168343,1,94302,1622530800.0,2
4,False,False,0.629524603724121,0.12059370050538315,7.4356595428662065,14.198617125055591,0,94306,1622530800.0,1
4,False,False,0.5912434773286915,0.9353690046832044,4.405372183296833,6.014512160553238,0,94305,1622530800.0,5
3,True,True,0.3600000889840476,0.7878500652283539,7.007340065515089,19.967115100025467,1,94304,1622530800.0,2
4,False,True,0.8327132381807174,0.3196926398222319,6.0769637981352425,16.522824737744315,2,94304,1622530800.0,1
4,False,True,0.8266705149749136,-0.5006544762116956,9.526832082078588,13.53670716756801,1,94301,1622530800.0,3
2,False,True,0.1500688882929228,0.46168588121709114,3.414946062143322,13.798950564837753,2,94306,1622530800.0,7
3,False,True,0.2929105918610236,0.32439605551628814,4.365896301925583,15.793439108728876,3,94302,1622530800.0,5
2,False,True,0.2027454189026774,0.3923644577534022,10.891617762548396,18.48044046020607,1,94306,1622530800.0,7
1,True,True,0.15696145036801423,0.5213359211097931,9.278554370090196,19.931493531703865,8,94301,1622530800.0,10
3,False,True,0.2620184278250248,-0.04463999698074017,6.1042614613409185,14.731831164367577,2,94309,1622530800.0,5
2,False,True,0.21979452533704022,-0.006761837613885602,7.059702387480792,11.338324256039414,1,94309,1622530800.0,7
1,False,True,-0.10600370205577068,0.5530034464516371,8.275225721018648,4.361206889019314,1,94309,1622530800.0,5
4,False,True,0.6805240046827291,0.5750135369995316,7.756388817037985,13.922978414875331,0,94309,1622530800.0,3
2,True,False,0.31412199910841265,0.7899626736399161,6.35699968023809,13.232853265170718,0,94305,1622530800.0,4
2,True,False,0.17603879361288596,0.6620145108433095,9.020457187224961,15.152160499375157,1,94301,1622530800.0,5
2,False,False,0.10313977635866428,0.5569970819986321,5.827070558960928,18.62019230762695,5,94306,1622530800.0,6
1,True,False,0.032078874668487946,0.7811732373595422,3.9961662836024003,6.88253036967933,1,94305,1622530800.0,5
5,False,True,0.9856301955185606,-0.03772165133087635,6.944717170321969,15.998925737377192,1,94304,1622530800.0,4
1,True,False,0.0011934351576414134,-0.04767505445582543,3.77403853118049,19.187435547974474,6,94304,1622530800.0,8
2,False,True,0.22276085913177673,0.48602746499765587,7.615649496111368,11.56220503367382,2,94305,1622530800.0,4
5,False,True,0.9767033371873828,0.25584528585031746,9.873728875429276,17.07771771123106,0,94306,1622530800.0,3
1,True,False,-0.12743396886151823,0.7796328521247483,4.186530620370318,3.1669542342064574,5,94301,1622530800.0,6
5,False,True,0.8319505920232059,0.005523897765964347,8.373481460726628,11.463200726519858,0,94303,1622530800.0,1
2,False,True,0.2867885935669468,0.8181417053389262,6.600694207748524,19.289261721960088,4,94309,1622530800.0,4
3,False,True,0.4418511270466188,0.17994563965228072,6.498031221753009,14.445468395938462,1,94305,1622530800.0,3
5,False,True,0.9790743688874364,0.5275427189521857,9.454152124906923,5.009509331957872,0,94306,1622530800.0,2
4,False,True,0.6894733569895252,0.4548396271161065,9.589336913512573,16.965427187854516,0,94306,1622530800.0,2
1,False,False,0.005846658014028575,0.2454261832220479,8.617572722571717,13.007231176554512,6,94303,1622530800.0,6
5,False,True,0.7993496167646907,-0.23752506293336606,11.759572358526253,19.834126101363893,0,94304,1622530800.0,2
4,True,True,0.6926326503092078,0.33975652312826177,8.982636970460607,18.4610729753461,1,94301,1622530800.0,3
3,False,True,0.5183364746783031,0.10814812257862372,10.017869156386654,14.119741708916138,1,94306,1622530800.0,4
1,False,False,0.20752594781467604,0.5076957271676105,4.34168620377976,10.381929966506846,4,94304,1622530800.0,10
2,False,False,0.2598743788138243,0.751562040697318,9.103682661651757,11.131493181923645,6,94301,1622530800.0,6
3,False,True,0.5020372363862549,-0.6111558777249679,8.103269483413246,5.56356567916913,1,94303,1622530800.0,5
3,False,False,0.6292148598348181,-0.16790089709599054,6.833957748629289,6.03393009774976,2,94303,1622530800.0,5
2,True,True,0.4655830998097077,0.2462750138121338,9.16167890511974,17.804197647195622,4,94304,1622530800.0,3
5,False,False,0.8350540312571983,-0.4496727005469703,10.126383826512345,18.990660875250967,2,94305,1622530800.0,1
1,False,False,-0.14148970099895009,0.49373906240677595,2.0270560594096345,15.574600188212429,3,94304,1622530800.0,7
5,False,True,0.909063403660509,0.6656252750525745,6.792868053727894,3.4335300700029734,0,94306,1622530800.0,1
3,False,True,0.635856383676269,0.8840240082723616,4.314532376917895,14.128183250509949,4,94303,1622530800.0,6
5,False,True,0.911147139706707,-0.4004398208797767,7.804754654826603,14.970421047857315,1,94309,1622530800.0,3
3,False,True,0.5760792775541397,0.30927874595195415,10.175348020458134,17.93939405256549,3,94303,1622530800.0,6
1,False,True,-0.009005168151998333,0.5143494517189294,7.196081944700545,3.027359675885151,3,94309,1622530800.0,9
1,False,False,0.0009010844612907106,0.4601465640828347,3.3705995304692165,4.909692649115726,10,94303,1622530800.0,8
3,True,True,0.3799835092743363,0.8662367021662238,9.285154087426374,15.458848541430712,3,94303,1622530800.0,4
3,False,True,0.5309473971287504,0.7113254618970068,6.770747463753458,12.450866585078131,0,94309,1622530800.0,6
5,False,True,0.8334302206812039,0.45632661781854816,7.470237082744937,16.75251646866161,0,94302,1622530800.0,3
1,False,False,0.014265807010291147,-0.693820012614925,4.35676980968475,12.924553637787142,3,94309,1622530800.0,5
3,False,True,0.1042737135206237,0.759087128262377,8.583356374992078,19.472227849842227,1,94302,1622530800.0,5
1,True,True,0.07965550727654022,0.2813802449501319,0.22551982040251506,2.509869983326439,3,94303,1622530800.0,5
5,False,True,0.9868158575864032,0.43198363397893996,10.214657322882246,17.44356290691661,2,94301,1622530800.0,2
1,True,False,-0.11023784645906538,0.8988457063091391,5.464107959808703,17.34052497417639,3,94306,1622530800.0,6
2,False,True,-0.03673060272686318,0.9802373124593491,8.699571286507776,18.71882055005767,2,94302,1622530800.0,2
5,False,False,0.8818468219935177,0.7320445864022553,8.75661122480853,14.883952442806674,1,94304,1622530800.0,1
3,False,True,0.17473117511760505,0.14818762963888243,9.455812075581726,3.6081551608013456,4,94305,1622530800.0,3
2,True,False,0.12742181934115449,0.49752816247906834,6.551459714838439,10.91665273768848,3,94305,1622530800.0,6
2,True,True,0.16472929896321625,-0.13203249844852982,10.794582018300092,16.706959796801243,2,94301,1622530800.0,3
4,True,True,0.5915385705192929,-0.09906455235032707,5.288724751413783,6.508629861820623,0,94305,1622530800.0,3
3,False,True,0.289678152820221,0.39850369836396354,4.9706813774906555,10.932232063054755,2,94306,1622530800.0,5
5,False,True,0.845768307603648,0.2551976485062676,7.040032854995465,7.734325912220754,0,94309,1622530800.0,1
